{"cameraMode":{"drawMode":0,"name":"Shaded","section":"Shading Mode"},"sceneLighting":false,"audioPlay":false,"sceneViewState":{"showFog":true,"showMaterialUpdate":false,"showSkybox":false,"showFlares":true,"showImageEffects":true,"showParticleSystems":true},"in2DMode":false,"pivot":{"x":0.2635800838470459,"y":-0.5061769485473633,"z":0.13712739944458009},"rotation":{"x":-0.1032063364982605,"y":0.8913507461547852,"z":-0.25564560294151308,"w":-0.3598456084728241},"size":5.857884883880615,"orthographic":false}